interest_category_id,interest_category_name,level,placements,special_industries,sub_category_ids
10,Education,1,,"HOUSING,EMPLOYMENT,CREDIT","10100,10101,10102,10103,10104,10105,10106"
11,Vehicles & Transportation,1,,"HOUSING,EMPLOYMENT,CREDIT","11100,11101,11102,11103,11104,11105,11106,11107,11108,11109,11111,11112"
12,Baby & Kids Products,1,,,"12101,12102,12103,12104,12105,12106,12107,12108,12109"
13,Financial Services,1,,"HOUSING,EMPLOYMENT,CREDIT","13101,13102,13108,13112,13114"
14,Beauty & Personal Care,1,,"HOUSING,EMPLOYMENT,CREDIT","14100,14101,14102,14103,14104,14106,14107"
15,Tech & Electronics,1,,"HOUSING,EMPLOYMENT,CREDIT","15100,15101,15102,15104,15105,15106,15107"
16,Appliances,1,,"HOUSING,EMPLOYMENT,CREDIT","16100,16101,16102,16104,16105"
17,Travel,1,,"HOUSING,EMPLOYMENT,CREDIT","17103,17105,17106"
18,Household Products,1,,"HOUSING,EMPLOYMENT,CREDIT","18100,18102,18104,18105,18106,18107,18108,18109,18110,18111,18112"
19,Pets,1,,"HOUSING,EMPLOYMENT,CREDIT","19100,19101,19102,19103,19105,19106"
20,Apps,1,,"HOUSING,EMPLOYMENT,CREDIT","20100,20101,20102,20103,20104,20105,20106,20107,20108,20109,20110,20111,20112"
21,Home Improvement,1,,"HOUSING,EMPLOYMENT,CREDIT","21100,21101,21102,21103,21104"
22,Apparel & Accessories,1,,"HOUSING,EMPLOYMENT,CREDIT","22101,22102,22105,22106,22107,22108,22109,22110,22111,22112,22113"
23,News & Entertainment,1,,"HOUSING,EMPLOYMENT,CREDIT","23102,23103,23104,23105,23106,23107,23108,23109,23110,23111,23112,23113,23114,23116,23117,23118,23119,23122,23123,23124,23126,23129,23131,23133,23999,29101,20107105"
24,Business Services,1,,"HOUSING,EMPLOYMENT,CREDIT","24100,24101,24102,24103,24104,24106,24107,24108,24109,24110,24111,24112,24113,24114,24116,24117,24118,24119,24120"
25,Games,1,,"HOUSING,EMPLOYMENT,CREDIT","25100,25992,25993,25996,25998,25999"
26,Life Services,1,,"HOUSING,EMPLOYMENT,CREDIT","26100,26101,26104,26105,26106,26107,26108,26111,26112,26113,26114"
27,Food & Beverage,1,,"HOUSING,EMPLOYMENT,CREDIT","27100,27101,27102,27104"
28,Sports & Outdoors,1,,"HOUSING,EMPLOYMENT,CREDIT",28100.28101
30,E-Commerce (Non-app),1,,"HOUSING,EMPLOYMENT,CREDIT",30100
10100,Early Childhood & Preschool Education,2,,"HOUSING,EMPLOYMENT,CREDIT",
10101,Primary & Secondary Education & K-12,2,,"HOUSING,EMPLOYMENT,CREDIT",10101102
10102,Higher Education,2,,"HOUSING,EMPLOYMENT,CREDIT",10102100.10102100
10103,Overseas Education,2,,,10103101.10103100
10104,Vocational Training,2,,"HOUSING,EMPLOYMENT,CREDIT","10104100,10104101,10104103,10104104,10104105,10104108,10104109,10104112"
10105,Language Training,2,,"HOUSING,EMPLOYMENT,CREDIT",10105101.10105100
10106,Non-academic Training (Hobbies),2,,"HOUSING,EMPLOYMENT,CREDIT","10106100,10106101,10106103"
11100,Automobiles,2,,,11100100.11100100
11101,Auto Accessories,2,,"HOUSING,EMPLOYMENT,CREDIT","11101100,11101101,11101102,11101103"
11102,Auto Services,2,,,11102100.11102100
11103,Auto Parts,2,,,
11104,Car Rentals,2,,,
11105,Used Cars,2,,,
11106,Motorcycles,2,,"HOUSING,EMPLOYMENT,CREDIT",
11107,Bicycles,2,,,
11108,Electric Scooters,2,,,
11109,Water Vehicles,2,,,
11111,Accessories for 2/3-Wheeled Vehicles,2,,,
11112,Car Dealerships,2,,"HOUSING,EMPLOYMENT,CREDIT",
12101,Strollers & Cribs,2,,,
12102,Baby Formula,2,,,
12103,Diapers & Baby Wipes,2,,,
12104,Baby Bedding,2,,,
12105,Baby Shoes,2,,,
12106,Toys for Kids,2,,,
12107,Child Car Seats,2,,,
12108,Baby Feeding Supplies,2,,,
12109,Children's Apparel,2,,,
13101,Securities,2,,,
13102,Insurance,2,,"HOUSING,EMPLOYMENT,CREDIT",
13108,Credit Bureaus,2,,"HOUSING,EMPLOYMENT,CREDIT",
13112,Foreign Exchange Transactions,2,,,
13114,Third-Party Payments,2,,,
14100,Oral Care,2,,"HOUSING,EMPLOYMENT,CREDIT","14100100,14100101,14100102,14100103"
14101,Haircare,2,,"HOUSING,EMPLOYMENT,CREDIT","14101100,14101101,14101102,14101103"
14102,Wig & Hair Styling,2,,"HOUSING,EMPLOYMENT,CREDIT","14102100,14102102,14102103,14102104"
14103,Skin Care,2,,"HOUSING,EMPLOYMENT,CREDIT","14103100,14103101,14103102,14103103,14103105"
14104,Cosmetics,2,,"HOUSING,EMPLOYMENT,CREDIT","14104100,14104101,14104102,14104103,14104104,14104105,14104107,14104108"
14106,Fragrances & Perfumes,2,,"HOUSING,EMPLOYMENT,CREDIT",14106100.14106100
14107,Feminine Care,2,,,
15100,Cell Phones,2,,"HOUSING,EMPLOYMENT,CREDIT",15100100
15101,Computers,2,,"HOUSING,EMPLOYMENT,CREDIT","15101102,15101103,15101104"
15102,Computer Components,2,,"HOUSING,EMPLOYMENT,CREDIT",
15104,Gaming Devices,2,,,
15105,Computer Accessories,2,,"HOUSING,EMPLOYMENT,CREDIT",
15106,Network Products,2,,"HOUSING,EMPLOYMENT,CREDIT",
15107,Office Equipment,2,,"HOUSING,EMPLOYMENT,CREDIT",
16100,Personal Care Appliances,2,,"HOUSING,EMPLOYMENT,CREDIT","16100100,16100101,16100108,16100110,16100111,16100113,16100114,16100115"
16101,Kitchen & Bathroom Appliances,2,,"HOUSING,EMPLOYMENT,CREDIT","16101100,16101112,16101113,16101115,16101118,16101119,16101123,16101125,16101129"
16102,Large Appliances,2,,"HOUSING,EMPLOYMENT,CREDIT","16102100,16102101,16102102"
16104,Home Appliances,2,,"HOUSING,EMPLOYMENT,CREDIT","16104100,16104102,16104104,16104105,16104106,16104107,16104108,16104112,16104113,16104114,16104117,16104118,16104119"
16105,Digital Devices,2,,"HOUSING,EMPLOYMENT,CREDIT","16105100,16105101,16105102"
17103,Hotels & Accommodation,2,,,"17103100,17103101,17103104"
17105,Tours & Attractions,2,,,17105105.17105110
17106,Travel Agencies & Services,2,,"HOUSING,EMPLOYMENT,CREDIT",17106100
18100,Storage Products,2,,"HOUSING,EMPLOYMENT,CREDIT",
18102,Glasses & Drinkware,2,,"HOUSING,EMPLOYMENT,CREDIT",
18104,Coffee Accessories,2,,,
18105,Kitchen Accessories,2,,"HOUSING,EMPLOYMENT,CREDIT",
18106,Cleaning Appliances,2,,,
18107,Tissues & Wet Wipes,2,,,
18108,Laundry,2,,"HOUSING,EMPLOYMENT,CREDIT",
18109,Leather Care,2,,"HOUSING,EMPLOYMENT,CREDIT",
18110,Cleaning Supplies,2,,,
18111,Toys,2,,"HOUSING,EMPLOYMENT,CREDIT",
18112,Pest Control,2,,"HOUSING,EMPLOYMENT,CREDIT",
19100,Petfood,2,,"HOUSING,EMPLOYMENT,CREDIT",
19101,Pet Healthcare,2,,,
19102,Pet Household Products,2,,"HOUSING,EMPLOYMENT,CREDIT",
19103,Pet Grooming,2,,"HOUSING,EMPLOYMENT,CREDIT",
19105,Pet Toys,2,,,
19106,Pet Travel Accessories,2,,"HOUSING,EMPLOYMENT,CREDIT",
20100,Social,2,,"HOUSING,EMPLOYMENT,CREDIT","20100100,20100101,20100103"
20101,Audio & Video Players,2,,"HOUSING,EMPLOYMENT,CREDIT",20101101.20101100
20102,News & Reading,2,,,20102101.20102100
20103,Photography,2,,"HOUSING,EMPLOYMENT,CREDIT",20103100.20103100
20104,Education,2,,"HOUSING,EMPLOYMENT,CREDIT","20104100,20104101,20104102,20104103"
20105,Online Shopping,2,,"HOUSING,EMPLOYMENT,CREDIT",20105101.20105100
20106,Financial Services,2,,"HOUSING,EMPLOYMENT,CREDIT","20106100,20106102,20106103"
20107,Life & Leisure,2,,"HOUSING,EMPLOYMENT,CREDIT","20107102,20107103,20107107"
20108,Travel,2,,"HOUSING,EMPLOYMENT,CREDIT",20108100.20108100
20109,Health & Fitness,2,,"HOUSING,EMPLOYMENT,CREDIT","20109100,20109101,20109102"
20110,Business & Productivity,2,,"HOUSING,EMPLOYMENT,CREDIT",20110100.20110100
20111,Parenting,2,,,20111100
20112,Tools,2,,"HOUSING,EMPLOYMENT,CREDIT","20112101,20112102,20112103,20112105,20112109,20112110"
21100,Interior Design & Decorating Services,2,,,
21101,Furniture,2,,"HOUSING,EMPLOYMENT,CREDIT",
21102,Construction Materials & Lighting,2,,"HOUSING,EMPLOYMENT,CREDIT",
21103,Hardware & Electrical,2,,,
21104,Home Decor,2,,"HOUSING,EMPLOYMENT,CREDIT",
22101,Clothing Accessories,2,,"HOUSING,EMPLOYMENT,CREDIT","22101100,22101101,22101102,22101103,22101104,22101105,22101106"
22102,Bags,2,,"HOUSING,EMPLOYMENT,CREDIT","22102100,22102101,22102102,22102103,22102105,22102106,22102107,22102108"
22105,Watches,2,,,
22106,Ordinary Jewelry,2,,"HOUSING,EMPLOYMENT,CREDIT",
22107,High-end Jewelry,2,,,
22108,Men's Clothing,2,,,"22108100,22108101,22108102,22108103,22108104,22108105,22108106,22108107,22108108,22108109,22108110,22108112"
22109,Men's Shoes,2,,,"22109100,22109101,22109102,22109103,22109104"
22110,Women's Clothing,2,,,"22110100,22110101,22110102,22110103,22110104,22110105,22110106,22110107,22110108,22110109,22110110,22110111,22110112,22110113,22110114,22110115"
22111,Women's Shoes,2,,,"22111100,22111101,22111102,22111103,22111104"
22112,Traditional & Ceremonial Clothing,2,,"HOUSING,EMPLOYMENT,CREDIT",22112109.22112110
22113,Wearable Tech Devices,2,,"HOUSING,EMPLOYMENT,CREDIT",
23102,Business & Economy,2,,"HOUSING,EMPLOYMENT,CREDIT",
23103,Science & Technology,2,,"HOUSING,EMPLOYMENT,CREDIT",
23104,Culture & History,2,,"HOUSING,EMPLOYMENT,CREDIT",
23105,Charity,2,,"HOUSING,EMPLOYMENT,CREDIT",
23106,Law,2,,,
23107,Sustainability,2,,"HOUSING,EMPLOYMENT,CREDIT",
23108,Celebrity,2,,,
23109,Lifestyle News,2,,"HOUSING,EMPLOYMENT,CREDIT",
23110,Live Events,2,,"HOUSING,EMPLOYMENT,CREDIT",
23111,Collectables & Antiques,2,,,
23112,TV Drama / TV Series,2,,"HOUSING,EMPLOYMENT,CREDIT",
23113,Anime,2,,"HOUSING,EMPLOYMENT,CREDIT",
23114,Astrology,2,,,
23116,Culture & Art,2,,"HOUSING,EMPLOYMENT,CREDIT","10106102,23116100,23116101,23116107,23116999"
23117,Variety Shows,2,,,"23117100,23117101,23117104,23117105,23117999"
23118,Reading,2,,"HOUSING,EMPLOYMENT,CREDIT","23118100,23118103,23118106"
23119,Movie,2,,"HOUSING,EMPLOYMENT,CREDIT","23119100,23119101,23119102,23119103,23119104,23119107,23119109,23119110,23119111,23119113,23119114,23119115"
23122,Beauty & Personal Care,2,,,
23123,Sports & Fitness,2,,"HOUSING,EMPLOYMENT,CREDIT",
23124,Food & Cooking,2,,"HOUSING,EMPLOYMENT,CREDIT",
23126,Cars,2,,,
23129,Pets,2,,"HOUSING,EMPLOYMENT,CREDIT",
23131,Relationships,2,,,
23133,Tourism,2,,"HOUSING,EMPLOYMENT,CREDIT",
23999,Other News,2,,"HOUSING,EMPLOYMENT,CREDIT",
24100,Real Estate & Home Rentals,2,,"HOUSING,EMPLOYMENT,CREDIT",24100100.24100100
24101,Office Equipment & Supplies,2,,,
24102,Recruitment & Job Searching,2,,"HOUSING,EMPLOYMENT,CREDIT",
24103,Construction Engineering,2,,,
24104,Electronics & Electrical,2,,,
24106,Machinery & Equipment,2,,,
24107,Franchising,2,,"HOUSING,EMPLOYMENT,CREDIT",
24108,"Agriculture, Forestry, Animal Husbandry & Fishing",2,,"HOUSING,EMPLOYMENT,CREDIT",
24109,Energy Conservation & Sustainability,2,,"HOUSING,EMPLOYMENT,CREDIT",
24110,Safety & Security,2,,,
24111,Logistics,2,,"HOUSING,EMPLOYMENT,CREDIT",
24112,Marketing & Advertising,2,,"HOUSING,EMPLOYMENT,CREDIT",
24113,Professional Consultation,2,,"HOUSING,EMPLOYMENT,CREDIT",
24114,Exhibition Services,2,,,
24116,IT Services,2,,"HOUSING,EMPLOYMENT,CREDIT",
24117,Legal Services,2,,"HOUSING,EMPLOYMENT,CREDIT",
24118,Business Auction Services,2,,"HOUSING,EMPLOYMENT,CREDIT",
24119,Investment Planning & Management,2,,"HOUSING,EMPLOYMENT,CREDIT",
24120,Individual Entrepreneurship,2,,,
25100,Games (By Type),2,,"HOUSING,EMPLOYMENT,CREDIT","25100100,25100101,25100102,25100103,25100104,25100105,25100106,25100107,25100108,25100109,25100110,25100111,25100112,25100115,25100116"
25992,Monetization,2,,,25992001.25992000
25993,Platform,2,,,25993001.25993000
25996,Dimension,2,,,25996001.25996000
25998,Theme,2,,,"25998001,25998002,25998003,25998005,25998006,25998007,25998008,25998009,25998010,25998011,25998012,25998013,25998014,25998015,25998016,25998017,25998018,25998019,25998020,25998021"
25999,Genre,2,,,"25999001,25999002,25999003,25999004,25999005,25999006,25999007,25999008,25999009,25999010,25999011,25999012,25999013,25999014,25999015"
26100,Wedding Photography,2,,,26100101
26101,Photography,2,,"HOUSING,EMPLOYMENT,CREDIT",
26104,Gifts & Flowers,2,,"HOUSING,EMPLOYMENT,CREDIT",26104100.26104100
26105,Housekeeping,2,,"HOUSING,EMPLOYMENT,CREDIT","26105101,26105104,26105107"
26106,Shopping Services,2,,"HOUSING,EMPLOYMENT,CREDIT",26106100.26106100
26107,Used Good Sales Platforms,2,,,
26108,Gardening,2,,"HOUSING,EMPLOYMENT,CREDIT",
26111,Internet Services,2,,"HOUSING,EMPLOYMENT,CREDIT",
26112,Consumer Services,2,,"HOUSING,EMPLOYMENT,CREDIT",26112101
26113,Exercise & Fitness,2,,,
26114,Beauty & Personal Care,2,,"HOUSING,EMPLOYMENT,CREDIT",
27100,Food,2,,"HOUSING,EMPLOYMENT,CREDIT","27100103,27100106,27100111,27100114,27100122"
27101,Food & Fresh Produce,2,,"HOUSING,EMPLOYMENT,CREDIT","27101100,27101102,27101103,27101104,27101106,27101107"
27102,Beverage,2,,"HOUSING,EMPLOYMENT,CREDIT","27102100,27102101,27102102,27102103,27102104,27102105"
27104,Cooking & Recipes,2,,"HOUSING,EMPLOYMENT,CREDIT",
28100,Outdoor Equipment,2,,"HOUSING,EMPLOYMENT,CREDIT",
28101,Sports Equipment,2,,"HOUSING,EMPLOYMENT,CREDIT","28101100,28101106,28101107,28101111,28101114,28101115,28101116,28101117,28101123,28101124"
29101,Health & Wellness,2,,,
30100,Big Box Retailers,2,,,
10101102,High School Tutoring,3,,"HOUSING,EMPLOYMENT,CREDIT",
10102100,Adult Education,3,,,
10102101,College Education,3,,"HOUSING,EMPLOYMENT,CREDIT",
10103101,Overseas Study for Undergraduate Education,3,,,
10103103,ESL Testing,3,,,
10104100,IT Training & Examinations,3,,"HOUSING,EMPLOYMENT,CREDIT",
10104101,Design Training & Education,3,,"HOUSING,EMPLOYMENT,CREDIT",
10104103,Chef Training & Examinations,3,,,
10104104,Enterprise Management Training,3,,,
10104105,Medical Licensing Training & Examinations,3,,"HOUSING,EMPLOYMENT,CREDIT",
10104108,Beauty Education,3,,,
10104109,Driving Schools & Pilot Training,3,,"HOUSING,EMPLOYMENT,CREDIT",
10104112,Marketing Management Education,3,,,
10105101,English Language Training,3,,"HOUSING,EMPLOYMENT,CREDIT",
10105104,Spanish Language Training,3,,"HOUSING,EMPLOYMENT,CREDIT",
10106100,Music & Instruments,3,,"HOUSING,EMPLOYMENT,CREDIT",
10106101,Calligraphy & Art,3,,"HOUSING,EMPLOYMENT,CREDIT",
10106102,Dance,3,,"HOUSING,EMPLOYMENT,CREDIT",
10106103,Sports,3,,"HOUSING,EMPLOYMENT,CREDIT",
11100100,Sedans,3,,,
11100101,SUVs,3,,,
11101100,Auto Decor,3,,"HOUSING,EMPLOYMENT,CREDIT",
11101101,Car Interior Accessories,3,,"HOUSING,EMPLOYMENT,CREDIT",
11101102,Car Seat Organizers,3,,"HOUSING,EMPLOYMENT,CREDIT",
11101103,Windshield Repair,3,,"HOUSING,EMPLOYMENT,CREDIT",
11102100,Car Modification,3,,,
11102101,Car Maintenance,3,,,
14100100,Teeth Cleaning,3,,,
14100101,Teeth Whitening,3,,,
14100102,Oral Care Kits,3,,,
14100103,Toothbrushes & Tools,3,,"HOUSING,EMPLOYMENT,CREDIT",
14101100,Shampoos,3,,,
14101101,Haircare Products,3,,,
14101102,Hair Growth Products,3,,"HOUSING,EMPLOYMENT,CREDIT",
14101103,Shampoo-Conditioning Sets,3,,"HOUSING,EMPLOYMENT,CREDIT",
14102100,Hair Dye Products,3,,"HOUSING,EMPLOYMENT,CREDIT",
14102102,Styling Products,3,,"HOUSING,EMPLOYMENT,CREDIT",
14102103,Hairstyling Tools,3,,"HOUSING,EMPLOYMENT,CREDIT",
14102104,Wigs & Accessories,3,,"HOUSING,EMPLOYMENT,CREDIT",
14103100,Body Care,3,,"HOUSING,EMPLOYMENT,CREDIT","14103100100,14103100101,14103100102,14103100103,14103100104,14103100105"
14103101,Facial Care,3,,"HOUSING,EMPLOYMENT,CREDIT","14103101100,14103101101,14103101102,14103101103,14103101104,14103101105,14103101106,14103101107"
14103102,Eye Care,3,,,
14103103,Lip Care,3,,,
14103105,Hand & Foot Care,3,,,
14104100,Face Makeup,3,,,"14104100100,14104100101,14104100102,14104100103"
14104101,Eyebrow Makeup,3,,,
14104102,Lip Makeup,3,,,
14104103,Eye Makeup,3,,,
14104104,Makeup Tools,3,,"HOUSING,EMPLOYMENT,CREDIT",
14104105,Tattoos,3,,,
14104107,Nail Art Products,3,,"HOUSING,EMPLOYMENT,CREDIT",
14104108,Makeup Sets,3,,"HOUSING,EMPLOYMENT,CREDIT",
14106100,Men's Fragrances & Perfumes,3,,,
14106101,Women's Fragrances & Perfumes,3,,,
15100100,Cell Phone Accessories,3,,"HOUSING,EMPLOYMENT,CREDIT",
15101102,Tablets,3,,"HOUSING,EMPLOYMENT,CREDIT",
15101103,Desktops,3,,"HOUSING,EMPLOYMENT,CREDIT",
15101104,Laptops,3,,"HOUSING,EMPLOYMENT,CREDIT",
16100100,Hair Dryers,3,,,
16100101,Curling Irons & Straighteners,3,,"HOUSING,EMPLOYMENT,CREDIT",
16100108,Electronic Scales,3,,"HOUSING,EMPLOYMENT,CREDIT",
16100110,Massagers,3,,"HOUSING,EMPLOYMENT,CREDIT",
16100111,Hair Clippers,3,,,
16100113,Electric Combs,3,,"HOUSING,EMPLOYMENT,CREDIT",
16100114,Electric Ear Cleaners,3,,"HOUSING,EMPLOYMENT,CREDIT",
16100115,Pedicure Tools,3,,"HOUSING,EMPLOYMENT,CREDIT",
16101100,Freezers & Ice Makers,3,,"HOUSING,EMPLOYMENT,CREDIT",
16101112,Heated Lunch Boxes,3,,"HOUSING,EMPLOYMENT,CREDIT",
16101113,Slow Cookers,3,,,
16101115,Egg Cookers,3,,,
16101118,Multi-purpose Pots,3,,"HOUSING,EMPLOYMENT,CREDIT",
16101119,Electric Grills,3,,"HOUSING,EMPLOYMENT,CREDIT",
16101123,Blenders,3,,"HOUSING,EMPLOYMENT,CREDIT",
16101125,Coffee Makers,3,,"HOUSING,EMPLOYMENT,CREDIT",
16101129,Food Processors,3,,"HOUSING,EMPLOYMENT,CREDIT",
16102100,Refrigerators,3,,,
16102101,Air Conditioning,3,,,
16102102,TVs & Home Theaters,3,,"HOUSING,EMPLOYMENT,CREDIT",
16104100,Vacuums,3,,"HOUSING,EMPLOYMENT,CREDIT",
16104102,Air Purifiers,3,,"HOUSING,EMPLOYMENT,CREDIT",
16104104,Electric Irons,3,,"HOUSING,EMPLOYMENT,CREDIT",
16104105,Water Purifiers,3,,"HOUSING,EMPLOYMENT,CREDIT",
16104106,Humidifiers,3,,"HOUSING,EMPLOYMENT,CREDIT",
16104107,Steam Cleaners,3,,"HOUSING,EMPLOYMENT,CREDIT",
16104108,Robotic Vacuums,3,,,
16104112,Garment Steamers & Irons,3,,"HOUSING,EMPLOYMENT,CREDIT",
16104113,Electric Fans,3,,"HOUSING,EMPLOYMENT,CREDIT",
16104114,Vacuums & Dust Mite Controllers,3,,,
16104117,Electric Heating Appliances,3,,,
16104118,Household Appliance Accessories,3,,"HOUSING,EMPLOYMENT,CREDIT",
16104119,Washers & Dryers,3,,"HOUSING,EMPLOYMENT,CREDIT",
16105100,Cameras & Video Cameras,3,,"HOUSING,EMPLOYMENT,CREDIT","16105100100,16105100101,16105100102"
16105101,Speakers & Audio,3,,"HOUSING,EMPLOYMENT,CREDIT",
16105102,Drones,3,,"HOUSING,EMPLOYMENT,CREDIT",
17103100,Luxury Hotels,3,,,
17103101,Economy Hotels,3,,,
17103104,Villas,3,,,
17105105,Museum Exhibits,3,,,
17105107,Scenic Viewpoints,3,,,
17106100,Vacation Packages,3,,"HOUSING,EMPLOYMENT,CREDIT",
20100100,Chatting,3,,,
20100101,Marriage,3,,,
20100103,Messaging,3,,,
20101101,Music,3,,"HOUSING,EMPLOYMENT,CREDIT",
20101102,Audio players,3,,,
20102101,News,3,,,
20102102,E-books,3,,,
20103100,Image Editing,3,,"HOUSING,EMPLOYMENT,CREDIT",
20103101,Cameras,3,,"HOUSING,EMPLOYMENT,CREDIT",
20104100,Learning Tools,3,,,
20104101,Exam Preparation,3,,"HOUSING,EMPLOYMENT,CREDIT",
20104102,Foreign Language Learning,3,,,
20104103,Dictionaries & Translation Tools,3,,"HOUSING,EMPLOYMENT,CREDIT",
20105101,Group Buying & Discounts,3,,,
20105103,Express Deliveries,3,,,
20106100,Payment,3,,,
20106102,Money Management & Bookkeeping,3,,"HOUSING,EMPLOYMENT,CREDIT",
20106103,Investment,3,,,
20107102,Job Hunting,3,,"HOUSING,EMPLOYMENT,CREDIT",
20107103,Entertainment,3,,"HOUSING,EMPLOYMENT,CREDIT",
20107105,Car News,2,,,
20107107,Ride Sharing,3,,"HOUSING,EMPLOYMENT,CREDIT",
20108100,Maps & Navigation,3,,,
20108101,Bus & Metro,3,,,
20109100,Physical Fitness,3,,"HOUSING,EMPLOYMENT,CREDIT",
20109101,Medical Care,3,,,
20109102,Healthy Lifestyle,3,,,
20110100,Office Software,3,,,
20110104,Email,3,,"HOUSING,EMPLOYMENT,CREDIT",
20111100,Parenting,3,,,
20112101,System Cleanup Software,3,,"HOUSING,EMPLOYMENT,CREDIT",
20112102,VPNs,3,,"HOUSING,EMPLOYMENT,CREDIT",
20112103,Keyboard Apps & Tools,3,,"HOUSING,EMPLOYMENT,CREDIT",
20112105,Document Management,3,,"HOUSING,EMPLOYMENT,CREDIT",
20112109,Social App Analytics,3,,,
20112110,Wallpapers,3,,,
22101100,Hats,3,,"HOUSING,EMPLOYMENT,CREDIT",
22101101,Scarves,3,,,
22101102,Gloves,3,,"HOUSING,EMPLOYMENT,CREDIT",
22101103,Belts,3,,,
22101104,Glasses & Lenses,3,,"HOUSING,EMPLOYMENT,CREDIT",
22101105,"Ties, Bowties & Tie Clips",3,,,
22101106,Face Masks,3,,"HOUSING,EMPLOYMENT,CREDIT",
22102100,Handbags,3,,,
22102101,Wallets,3,,"HOUSING,EMPLOYMENT,CREDIT",
22102102,Shoulder Bags,3,,,
22102103,Backpacks,3,,,
22102105,Travel Bags,3,,,
22102106,Makeup Bags,3,,,
22102107,Key Pouches,3,,,
22102108,"Wallets, Coin Purses & Business Card Holders",3,,,
22108100,T-shirts,3,,,
22108101,Shirts,3,,,
22108102,Polo Shirts,3,,,
22108103,Jackets,3,,,
22108104,Coats,3,,,
22108105,Pants & Jeans,3,,,
22108106,Shorts,3,,,
22108107,Underwear,3,,,
22108108,Socks,3,,,
22108109,Vests,3,,,
22108110,Sweatshirts & Hoodies,3,,,
22108112,Suits,3,,,
22109100,Sneakers,3,,,
22109101,Boots,3,,,
22109102,Sandals & Slippers,3,,,
22109103,Casual Shoes,3,,,
22109104,Loafers & Moccasins,3,,,
22110100,Coats,3,,,
22110101,Jackets,3,,,
22110102,Dresses,3,,,
22110103,Athleisure,3,,,
22110104,Shirts & Tops,3,,,
22110105,T-Shirts,3,,,
22110106,Pants,3,,,
22110107,Jeans,3,,,
22110108,Shorts,3,,,
22110109,Skirts,3,,,
22110110,Suits,3,,,
22110111,Bras,3,,,
22110112,Underwear,3,,,
22110113,Socks,3,,,
22110114,Pajamas,3,,,
22110115,Tights,3,,,
22111100,Sandals,3,,,
22111101,Boots,3,,,
22111102,High Heels,3,,,
22111103,Sneakers,3,,,
22111104,Flats,3,,,
22112109,Cosplay,3,,"HOUSING,EMPLOYMENT,CREDIT",
22112110,Wedding Dresses,3,,,
23116100,Music & Instruments,3,,"HOUSING,EMPLOYMENT,CREDIT",
23116101,Painting,3,,,
23116107,Music,3,,"HOUSING,EMPLOYMENT,CREDIT",
23116999,Other Culture & Art,3,,,
23117100,Reality Shows,3,"PLACEMENT_TIKTOK,PLACEMENT_PANGLE",,
23117101,Singing & Music Competitions,3,"PLACEMENT_TIKTOK,PLACEMENT_PANGLE",,
23117104,Talk Shows,3,"PLACEMENT_TIKTOK,PLACEMENT_PANGLE",,
23117105,Comedy,3,,,
23117999,Other Variety Shows,3,,,
23118100,Romantic Fiction,3,,"HOUSING,EMPLOYMENT,CREDIT",
23118103,Comics,3,,"HOUSING,EMPLOYMENT,CREDIT",
23118106,Children's Books,3,,"HOUSING,EMPLOYMENT,CREDIT",
23119100,Drama,3,,,
23119101,Comedy,3,,"HOUSING,EMPLOYMENT,CREDIT",
23119102,Action,3,,"HOUSING,EMPLOYMENT,CREDIT",
23119103,Romance,3,,,
23119104,Crime,3,"PLACEMENT_TIKTOK,PLACEMENT_PANGLE",,
23119107,Thrillers,3,"PLACEMENT_TIKTOK,PLACEMENT_PANGLE",,
23119109,Horror,3,,"HOUSING,EMPLOYMENT,CREDIT",
23119110,Sci-Fi,3,"PLACEMENT_TIKTOK,PLACEMENT_PANGLE","HOUSING,EMPLOYMENT,CREDIT",
23119111,Fantasy,3,"PLACEMENT_TIKTOK,PLACEMENT_PANGLE",,
23119113,Animation,3,,,
23119114,Musical,3,"PLACEMENT_TIKTOK,PLACEMENT_PANGLE","HOUSING,EMPLOYMENT,CREDIT",
23119115,Dance,3,"PLACEMENT_TIKTOK,PLACEMENT_PANGLE",,
24100100,Real Estate Sales,3,,"HOUSING,EMPLOYMENT,CREDIT",
24100101,Home Rentals,3,,"HOUSING,EMPLOYMENT,CREDIT",
25100100,Roleplaying Games,3,,"HOUSING,EMPLOYMENT,CREDIT",25100100100
25100101,Simulation Games,3,,"HOUSING,EMPLOYMENT,CREDIT","25100101100,25100101101,25100101102"
25100102,Strategy Games,3,,,"25100102100,25100102102,25100102103"
25100103,Shooting,3,,,"25100103100,25100103101,25100103102"
25100104,Sports,3,,,"25100104100,25100104102,25100104103,25100104104,25100104105,25100104106,25100104999"
25100105,Action Games,3,,,
25100106,Adventure Games,3,,,
25100107,Racing Games,3,,,
25100108,Music Games,3,,"HOUSING,EMPLOYMENT,CREDIT",
25100109,Action-adventure Games,3,,,
25100110,Puzzle Games,3,,,
25100111,Match-three,3,,,
25100112,Educational Games,3,,,
25100115,Board Games,3,,,
25100116,Combat Games,3,,"HOUSING,EMPLOYMENT,CREDIT",
25992001,IAA,3,,,
25992002,IAP,3,,,
25993001,Mobile,3,,,
25993002,PC,3,,,25993002001
25996001,2D,3,,,
25996002,3D,3,,,
25998001,Asian Cultural,3,,,25998001001
25998002,Asian Fantasy,3,,,25998002001
25998003,Asian History,3,,,"25998003001,25998003002,25998003003"
25998005,Cover Fire,3,,,
25998006,Detective,3,,,
25998007,Fantasy,3,,,
25998008,Games for Women,3,,,
25998009,Home Design,3,,,
25998010,Horror,3,,,
25998011,Idol Raising,3,,,
25998012,Lifestyle,3,,,"25998012001,25998012002,25998012003"
25998013,Mob/Crime Games,3,,,
25998014,Palace,3,,,
25998015,Sci-Fi,3,,,
25998016,Sniper Games,3,,,
25998017,Space,3,,,
25998018,Sports,3,,,"25998018001,25998018002,25998018003,25998018004,25998018005,25998018006,25998018007,25998018008,25998018009,25998018010,25998018011,25998018012,25998018013,25998018014,25998018015,25998018016,25998018017,25998018018,25998018019"
25998019,War Games,3,,,25998019001.26000000000
25998020,Western Fantasy,3,,,25998020001
25998021,Western Historical,3,,,25998021001.26000000000
25999001,Hyper-Casual,3,,,"25999001001,25999001002,25999001003,25999001004,25999001005,25999001006,25999001007,25999001008,25999001009,25999001010,25999001011"
25999002,Action,3,,,"25999002001,25999002002,25999002003,25999002004,25999002005,25999002006,25999002007,25999002008,25999002009,25999002010,25999002011,25999002012,25999002013,25999002014,25999002015,25999002016,25999002017"
25999003,Casino,3,,,"25999003001,25999003002,25999003003,25999003004,25999003005,25999003006,25999003007,25999003008,25999003009,25999003010,25999003011,25999003012,25999003013"
25999004,Match,3,,,"25999004001,25999004002,25999004003,25999004004,25999004005,25999004006,25999004007,25999004008,25999004009,25999004010"
25999005,Puzzle,3,,,"25999005001,25999005002,25999005003,25999005004,25999005005,25999005006,25999005007,25999005008,25999005009,25999005010,25999005011,25999005012,25999005013,25999005014,25999005015,25999005016,25999005017,25999005018"
25999006,Racing,3,,,"25999006001,25999006002,25999006003"
25999007,RPG,3,,,"25999007001,25999007002,25999007003,25999007004,25999007005,25999007006,25999007007,25999007008,25999007009,25999007010,25999007011,25999007012,25999007013"
25999008,Shooting Games,3,,,"25999008001,25999008002,25999008003,25999008004,25999008005"
25999009,Simulation,3,,,"25999009001,25999009002,25999009003,25999009004,25999009005,25999009006,25999009007,25999009008,25999009009,25999009010,25999009011,25999009012,25999009013,25999009014,25999009015,25999009016,25999009017,25999009018"
25999010,Sports,3,,,"25999010001,25999010002,25999010003,25999010004"
25999011,Strategy,3,,,"25999011001,25999011002,25999011003,25999011004,25999011005,25999011006,25999011007,25999011008,25999011009,25999011010"
25999012,Party,3,,,"25999012001,25999012002,25999012003,25999012004,25999012005,25999012006,25999012007,25999012008,25999012009,25999012010"
25999013,Tabletop,3,,,"25999013001,25999013002,25999013003,25999013004,25999013005,25999013006,25999013007,25999013008,25999013009,25999013010,25999013011"
25999014,Kids Games,3,,,25999014001.26000000000
25999015,Other,3,,,25999015001
26100101,Local Photography,3,,,
26104100,Gifts,3,,"HOUSING,EMPLOYMENT,CREDIT",
26104101,Flower Delivery,3,,,
26105101,House Cleaning Services,3,,"HOUSING,EMPLOYMENT,CREDIT",
26105104,Home Moving Services,3,,,
26105107,Home Repair,3,,,
26106100,Shopping Malls,3,,,
26106101,Supermarkets,3,,,
26112101,Household Appliances Cleaning & Repair,3,,"HOUSING,EMPLOYMENT,CREDIT",
27100103,Fast Food,3,,"HOUSING,EMPLOYMENT,CREDIT",
27100106,Desserts,3,,"HOUSING,EMPLOYMENT,CREDIT",
27100111,Japanese Cuisine,3,,"HOUSING,EMPLOYMENT,CREDIT",
27100114,Chinese Cuisine,3,,,
27100122,Middle Eastern Cuisine,3,,"HOUSING,EMPLOYMENT,CREDIT",
27101100,Seafood,3,,,
27101102,Vegetables,3,,"HOUSING,EMPLOYMENT,CREDIT",
27101103,"Poultry, Eggs & Meat",3,,"HOUSING,EMPLOYMENT,CREDIT",
27101104,Frozen Food,3,,"HOUSING,EMPLOYMENT,CREDIT",
27101106,Instant Food,3,,"HOUSING,EMPLOYMENT,CREDIT",
27101107,"Rice, Wheat, Cooking Oil, Spices & Seasonings",3,,"HOUSING,EMPLOYMENT,CREDIT",
27102100,Instant Drinks,3,,"HOUSING,EMPLOYMENT,CREDIT",
27102101,Dairy Products,3,,,
27102102,Tea,3,,,
27102103,Water,3,,"HOUSING,EMPLOYMENT,CREDIT",
27102104,Juice,3,,,
27102105,Coffee,3,,,
28101100,Fitness Training Supplies,3,,"HOUSING,EMPLOYMENT,CREDIT",
28101106,Golf,3,,"HOUSING,EMPLOYMENT,CREDIT",
28101107,Tennis,3,,"HOUSING,EMPLOYMENT,CREDIT",
28101111,Soccer,3,,"HOUSING,EMPLOYMENT,CREDIT",
28101114,"Chess, Cards & Mahjong",3,,,
28101115,Fishing,3,,,
28101116,Swimming,3,,,
28101117,Yoga & Dance,3,,,
28101123,Knee Protectors,3,,"HOUSING,EMPLOYMENT,CREDIT",
28101124,Sports Underwear,3,,,
14103100100,Body Cleansing,4,,,
14103100101,Skin Moisturizer,4,,"HOUSING,EMPLOYMENT,CREDIT",
14103100102,Scrubs & Body Exfoliation,4,,,
14103100103,Deodorants & Antiperspirants,4,,,
14103100104,Body Care Sets,4,,,
14103100105,Shaving & Body Hair Removal,4,,,
14103101100,Sunscreens,4,,"HOUSING,EMPLOYMENT,CREDIT",
14103101101,Toners,4,,,
14103101102,Face Lotions & Moisturizers,4,,,
14103101103,Facial Essence,4,,"HOUSING,EMPLOYMENT,CREDIT",
14103101104,Facial Cleansers & Make-up Remover,4,,,
14103101105,Facial Masks,4,,"HOUSING,EMPLOYMENT,CREDIT",
14103101106,Facial Care Sets,4,,,
14103101107,Beauty Tools,4,,"HOUSING,EMPLOYMENT,CREDIT",
14104100100,Foundation,4,,,
14104100101,Face Powders,4,,,
14104100102,Makeup Bases & Primers,4,,,
14104100103,"Blush, Highlighters & Contouring",4,,,
16105100100,Instant Cameras,4,,"HOUSING,EMPLOYMENT,CREDIT",
16105100101,Action Camera,4,,,
16105100102,Digital Cameras,4,,"HOUSING,EMPLOYMENT,CREDIT",
25100100100,ARPGs,4,,,
25100101100,Business Simulation Games,4,,,
25100101101,Care Simulation Games,4,,"HOUSING,EMPLOYMENT,CREDIT",
25100101102,Life Simulation Games,4,,"HOUSING,EMPLOYMENT,CREDIT",
25100102100,Turn-based Strategy Games,4,,,
25100102102,MOBAs,4,,,
25100102103,Tower Defense Games,4,,,
25100103100,First-person Shooter Games,4,,,
25100103101,Third-person Shooter Games,4,,,
25100103102,Air Combat Games,4,"PLACEMENT_TIKTOK,PLACEMENT_PANGLE",,
25100104100,Basketball,4,"PLACEMENT_TIKTOK,PLACEMENT_PANGLE",,
25100104102,Tennis,4,"PLACEMENT_TIKTOK,PLACEMENT_PANGLE",,
25100104103,Golf,4,,,
25100104104,Baseball,4,,,
25100104105,American Football,4,,,
25100104106,Other Ball Games,4,,,
25100104999,Other Sports Games,4,,,
25993002001,PC,4,,,
25998001001,Nijigen,4,,,
25998002001,Wuxia or Xian Xia,4,,,
25998003001,Chinese History,4,,,
25998003002,Three Kingdoms,4,,,
25998003003,Japanese History,4,,,
25998012001,Farming,4,,,
25998012002,Hunting,4,,,
25998012003,Romance,4,,,
25998018001,Football (American),4,,,
25998018002,Soccer,4,,,
25998018003,Baseball,4,,,
25998018004,Basketball,4,,,
25998018005,Pool or Billiards,4,,,
25998018006,Darts,4,,,
25998018007,Archery,4,,,
25998018008,Boxing,4,,,
25998018009,Fishing,4,,,
25998018010,Skateboarding,4,,,
25998018011,Snow Sports,4,,,
25998018012,Bowling,4,,,
25998018013,Motocross,4,,,
25998018014,Wrestling,4,,,
25998018015,Hockey,4,,,
25998018016,Golf,4,,,
25998018017,Tennis,4,,,
25998018018,Other Sport,4,,,
25998018019,Car,4,,,
25998019001,Modern Military Games,4,,,
25998019002,Maritime,4,,,
25998020001,Dystopian or Post-Apocalyptic,4,,,
25998021001,Medieval,4,,,
25998021002,Western American Games,4,,,
25999001001,.io,4,,,
25999001002,Action,4,,,
25999001003,Ball,4,,,
25999001004,Escape,4,,,
25999001005,Music,4,,,
25999001006,Other Hyper-Casual,4,,,
25999001007,Puzzle,4,,,
25999001008,Racing,4,,,
25999001009,Shooting Games,4,,,
25999001010,Simulation,4,,,
25999001011,Sports,4,,,
25999002001,Artillery Shooter Games,4,,,
25999002002,Asymmetric,4,,,
25999002003,Brawl Games,4,,,
25999002004,Fighting Games,4,,,
25999002005,MOBA,4,,,
25999002006,Music or Rhythm,4,,,
25999002007,Open World,4,,,
25999002008,Other Action,4,,,
25999002009,Platformer,4,,,
25999002010,Battle Royale,4,,,
25999002011,Run & Gun,4,,,
25999002012,Runner,4,,,
25999002013,Shark,4,,,
25999002014,Shoot'em Up Games,4,,,
25999002015,Slasher Games,4,,,
25999002016,Stealth,4,,,
25999002017,Adventure,4,,,
25999003001,Bingo,4,,,
25999003002,Chinese Card or Board,4,,,
25999003003,Claw Machine,4,,,
25999003004,Coin Pusher,4,,,
25999003005,Dominoes,4,,,
25999003006,Fishing,4,,,
25999003007,Lottery or Scratchers,4,,,
25999003008,Mahjong,4,,,
25999003009,Okey,4,,,
25999003010,Other Casino,4,,,
25999003011,Pachinko,4,,,
25999003012,Poker or Card,4,,,
25999003013,Slots,4,,,
25999004001,Blast-Meta,4,,,
25999004002,Blast-Saga,4,,,
25999004003,Bubble Shooter,4,,,
25999004004,Connect Tiles,4,,,
25999004005,Line-Saga,4,,,
25999004006,M3-Meta,4,,,
25999004007,M3-Saga,4,,,
25999004008,Merge-Saga,4,,,
25999004009,Other Match,4,,,
25999004010,Other-Meta,4,,,
25999005001,Block,4,,,
25999005002,Brain,4,,,
25999005003,Brick Breaker,4,,,
25999005004,Detective,4,,,
25999005005,Hidden Object,4,,,
25999005006,Hybrid,4,,,
25999005007,Jigsaw,4,,,
25999005008,Klotski,4,,,
25999005009,Maze,4,,,
25999005010,Minesweeper,4,,,
25999005011,Nonogram,4,,,
25999005012,Other Puzzle,4,,,
25999005013,Physics,4,,,
25999005014,Escape Room,4,,,
25999005015,Spot the Difference,4,,,
25999005016,Sudoku,4,,,
25999005017,Tile-Matching,4,,,
25999005018,Word,4,,,
25999006001,Arcade Racing,4,,,
25999006002,Competitive Racing,4,,,
25999006003,Simulation Racing,4,,,
25999007001,Action RPG,4,,,
25999007002,Empire Building RPG,4,,,
25999007003,Idle RPG,4,,,
25999007004,Location RPG,4,,,
25999007005,MMORPG,4,,,
25999007006,Open World RPG,4,,,
25999007007,Other RPG,4,,,
25999007008,Puzzle RPG,4,,,
25999007009,Roguelike ARPG,4,,,
25999007010,Survival,4,,,
25999007011,Tactics,4,,,
25999007012,Team Battle,4,,,
25999007013,Tower Defense RPG,4,,,
25999008001,Battle Royale,4,,,
25999008002,Cover Fire,4,,,
25999008003,PvE Shooting Games,4,,,
25999008004,Sniper Games,4,,,
25999008005,Team Deathmatch,4,,,
25999009001,Animal Avatar,4,,,
25999009002,Avatar Life,4,,,
25999009003,Breeding,4,,,
25999009004,Building,4,,,
25999009005,Sandbox,4,,,
25999009006,Dating,4,,,
25999009007,Dress Up & Lifestyle,4,,,
25999009008,Driving,4,,,
25999009009,Farming,4,,,
25999009010,Home Design,4,,,
25999009011,Idle,4,,,
25999009012,Idol Training,4,,,
25999009013,Interactive Story,4,,,
25999009014,Life Simulator,4,,,
25999009015,Manager,4,,,
25999009016,Other Simulation,4,,,
25999009017,Pet,4,,,
25999009018,Time Management,4,,,
25999010001,Arcade Sports,4,,,
25999010002,Other Sports,4,,,
25999010003,Simulation Sports,4,,,
25999010004,Team Manager,4,,,
25999011001,4X,4,,,
25999011002,Auto Chess,4,,,
25999011003,Build and Battle,4,,,
25999011004,CCG,4,,,
25999011005,Lane,4,,,
25999011006,Legion,4,,,
25999011007,Other Strategy,4,,,
25999011008,Summoning,4,,,
25999011009,Tower Defense,4,,,
25999011010,RTS,4,,,
25999012001,Guessing,4,,,
25999012002,Karaoke,4,,,
25999012003,Dance,4,,,
25999012004,Luck Battle,4,,,
25999012005,Mafia/Betrayal Games,4,,,
25999012006,Minigames,4,,,
25999012007,Other Party,4,,,
25999012008,Party Royale,4,,,
25999012009,Quiz,4,,,
25999012010,Truth or Dare,4,,,
25999013001,Board Game,4,,,
25999013002,Card Games,4,,,
25999013003,Chess,4,,,
25999013004,Coloring,4,,,
25999013005,Dice,4,,,
25999013006,Go-Stop,4,,,
25999013007,Hanafuda,4,,,
25999013008,Mahjong Solitaire,4,,,
25999013009,Othello,4,,,
25999013010,Other Tabletop,4,,,
25999013011,Solitaire,4,,,
25999014001,Educational Games,4,,,
25999014002,Other Kids Games,4,,,
25999015001,Other,4,,,